model,mean_balanced_accuracy,std_balanced_accuracy,worst_seed_ba,mean_log_loss,mean_roc_auc,mean_fit_seconds,folds
hist_gbdt_t0p5,0.7873815505115538,0.008627530635834121,0.7706340335242035,0.30534787732289137,0.9166284620814115,0.7791554640000686,25
kanboost_e250_h8_s12,0.7391309825617478,0.01270272682178955,0.7218473711197547,0.3441077316444312,0.8961074647920291,10.135857079999695,25
