model,mean_balanced_accuracy,std_balanced_accuracy,worst_seed_ba,mean_log_loss,mean_roc_auc,mean_fit_seconds,folds
kanboost_e80_h3_s6,0.5356209150326797,0.07244571783446957,0.40522875816993464,0.6935781570065519,0.5557939254133025,0.691646699999692,25
hist_gbdt_t0p5,0.4860130718954248,0.06784831082485555,0.3431372549019608,1.228166254869716,0.4769627066512879,0.0,25
